iter	MultiClass
0	1.04699155
1	1.001514696
2	0.9625495993
3	0.9267213999
4	0.889818171
5	0.8579535512
6	0.8271703079
7	0.8011317593
8	0.7740408213
9	0.7496656902
10	0.7259409457
11	0.7075633354
12	0.6871279819
13	0.6652521877
14	0.6450654141
